Label Start,Label End,Counter,Piano,Drums,Guitar,Choir,Vocal 1,Vocal 2
0.126000,0.126000,X1,N1,,,,,
0.383069,0.383069,X2,,,,,,
0.640139,0.640139,X3,N2,,,,,
0.897208,0.897208,X4,,,,,,
1.154278,1.154278,X5,N3,,,,,
1.411347,1.411347,X6,,,,,,
1.668416,1.668416,X7,N4,,,,,
1.925486,1.925486,X8,,,,,,
2.182555,2.182555,X9,N1,,,,,
2.439625,2.439625,X10,,,,,,
2.696694,2.696694,X11,N2,,,,,
2.953763,2.953763,X12,,,,,,
3.210833,3.210833,X13,N3,,,,,
3.467902,3.467902,X14,,,,,,
3.724972,3.724972,X15,N4,,,,,
3.982041,3.982041,X16,,,,,,
4.239111,4.239111,X17,N1,,,,,
4.496180,4.496180,X18,,,,,,
4.753249,4.753249,X19,N2,,,,,
5.010319,5.010319,X20,,,,,,
5.267388,5.267388,X21,N3,,,,,
5.524458,5.524458,X22,,,,,,
5.781527,5.781527,X23,N4,,,,,
6.038596,6.038596,X24,,,,,,
6.295666,6.295666,X25,N1,,,,,
6.552735,6.552735,X26,,,,,,
6.809805,6.809805,X27,N2,,,,,
7.066874,7.066874,X28,,,,,,
7.323943,7.323943,X29,N3,,,,,
7.581013,7.581013,X30,,,,,,
7.838082,7.838082,X31,N4,,,,,
8.095152,8.095152,X32,,,,,,
8.352221,8.352221,X33,N1,,,,,
8.609290,8.609290,X34,,,,,,
8.866360,8.866360,X35,N2,,,,,
9.123429,9.123429,X36,,,,,,
9.380499,9.380499,X37,N3,,,,,
9.637568,9.637568,X38,,,,,,
9.894638,9.894638,X39,N4,,,,,
10.151707,10.151707,X40,,,,,,
10.408776,10.408776,X41,N1,,,,,
10.665846,10.665846,X42,,,,,,
10.922915,10.922915,X43,N2,,,,,
11.179985,11.179985,X44,,,,,,
11.437054,11.437054,X45,N3,,,,,
11.694123,11.694123,X46,,,,,,
11.951193,11.951193,X47,N4,,,,,
12.208262,12.208262,X48,,,,,,
12.465332,12.465332,X49,N1,,,,,
12.722401,12.722401,X50,,,,,,
12.979470,12.979470,X51,N2,,,,,
13.236540,13.236540,X52,,,,,,
13.493609,13.493609,X53,N3,,,,,
13.750679,13.750679,X54,,,,,,
14.007748,14.007748,X55,N4,,,,,
14.264817,14.264817,X56,,,,,,
14.521887,14.521887,X57,N1,,,,,
14.778956,14.778956,X58,,,,,,
15.036026,15.036026,X59,N2,,,,,
15.293095,15.293095,X60,,,,,,
15.550165,15.550165,X61,N3,,,,,
15.807234,15.807234,X62,,,,,,
16.064303,16.064303,X63,N4,,,,,
16.321373,16.321373,X64,,,,,,
16.578442,16.578442,X65,N1,,,,,
16.835512,16.835512,X66,,,,,,
17.092581,17.092581,X67,N2,,,,,
17.349650,17.349650,X68,,,,,,
17.606720,17.606720,X69,N3,,,,,
17.863789,17.863789,X70,,,,,,
18.120859,18.120859,X71,N4,,,,,
18.377928,18.377928,X72,,,,,,
18.634997,18.634997,X73,N1,,,,,
18.892067,18.892067,X74,,,,,,
19.149136,19.149136,X75,N2,,,,,
19.406206,19.406206,X76,,,,,,
19.663275,19.663275,X77,N3,,,,,
19.920344,19.920344,X78,,,,,,
20.177414,20.177414,X79,N4,,,,,
20.434483,20.434483,X80,,,,,,
20.691553,20.691553,X81,N1,,,,,
20.948622,20.948622,X82,,,,,,
21.205692,21.205692,X83,N2,,,,,
21.462761,21.462761,X84,,,,,,
21.719830,21.719830,X85,N3,,,,,
21.976900,21.976900,X86,,,,,,
22.233969,22.233969,X87,N4,,,,,
22.491039,22.491039,X88,,,,,,
22.748108,22.748108,X89,N1,,,,,
23.005177,23.005177,X90,,,,,,
23.262247,23.262247,X91,N2,,,,,
23.519316,23.519316,X92,,,,,,
23.776386,23.776386,X93,N3,,,,,
24.033455,24.033455,X94,,,,,,
24.290524,24.290524,X95,N4,,,,,
24.547594,24.547594,X96,,,,,,
24.804663,24.804663,X97,N1,,,,,
25.061733,25.061733,X98,,,,,,
25.318802,25.318802,X99,N2,,,,,
25.575871,25.575871,X100,,,,,,
25.832941,25.832941,X101,N3,,,,,
26.090010,26.090010,X102,,,,,,
26.347080,26.347080,X103,N4,,,,,
26.604149,26.604149,X104,,,,,,
26.861219,26.861219,X105,N1,,,,,
27.118288,27.118288,X106,,,,,,
27.375357,27.375357,X107,N2,,,,,
27.632427,27.632427,X108,,,,,,
27.889496,27.889496,X109,N3,,,,,
28.146566,28.146566,X110,,,,,,
28.403635,28.403635,X111,N4,,,,,
28.660704,28.660704,X112,,,,,,
28.917774,28.917774,X113,N1,,,,,
29.174843,29.174843,X114,,,,,,
29.431913,29.431913,X115,N2,,,,,
29.688982,29.688982,X116,,,,,,
29.946051,29.946051,X117,N3,,,,,
30.203121,30.203121,X118,,,,,,
30.460190,30.460190,X119,N4,,,,,
30.717260,30.717260,X120,,,,,,
30.974329,30.974329,X121,N1,Base,,,,
31.231398,31.231398,X122,,Base,,,,
31.488468,31.488468,X123,N2,,,,,
31.745537,31.745537,X124,,Base,,,,
32.002607,32.002607,X125,N3,,,,,
32.259676,32.259676,X126,,Base,,,,
32.516746,32.516746,X127,N4,Base,,,,
32.773815,32.773815,X128,,,,,,
33.030884,33.030884,X129,N1,Cymbal,Chord,,,
33.287954,33.287954,X130,,,,,,
33.545023,33.545023,X131,N2,,,,,
33.802093,33.802093,X132,,,,,,
34.059162,34.059162,X133,N3,Base,,,,
34.316231,34.316231,X134,,,,,,
34.573301,34.573301,X135,N4,Base,,,,
34.830370,34.830370,X136,,,,,,
35.087440,35.087440,X137,N1,Base,Chord,,,
35.344509,35.344509,X138,,,,,,
35.601578,35.601578,X139,N2,,,,,
35.858648,35.858648,X140,,,,,,
36.115717,36.115717,X141,N3,Base,,,,
36.372787,36.372787,X142,,,,,,
36.629856,36.629856,X143,N4,,,,,
36.886925,36.886925,X144,,,,,,
37.143995,37.143995,X145,N1,Base,Chord,,,
37.401064,37.401064,X146,,,,,,
37.658134,37.658134,X147,N2,,,,,
37.915203,37.915203,X148,,,,,,
38.172272,38.172272,X149,N3,Base,,,,
38.429342,38.429342,X150,,,,,,
38.686411,38.686411,X151,N4,Base,,,,
38.943481,38.943481,X152,,,,,,
39.200550,39.200550,X153,N1,Base,Chord,,,
39.457620,39.457620,X154,,,,,,
39.714689,39.714689,X155,N2,,,,,
39.971758,39.971758,X156,,,,,,
40.228828,40.228828,X157,N3,Base,,,,
40.485897,40.485897,X158,,,,,,
40.742967,40.742967,X159,N4,,,,,
41.000036,41.000036,X160,,,,,,
41.257105,41.257105,X161,N1,Cymbal,Chord,,,
41.514175,41.514175,X162,,,,,,
41.771244,41.771244,X163,N2,,,,,
42.028314,42.028314,X164,,,,,,
42.285383,42.285383,X165,N3,Base,,,,
42.542452,42.542452,X166,,,,,,
42.799522,42.799522,X167,N4,Base,,,,
43.056591,43.056591,X168,,,,,,
43.313661,43.313661,X169,N1,Base,Chord,,,
43.570730,43.570730,X170,,,,,,
43.827799,43.827799,X171,N2,,,,,
44.084869,44.084869,X172,,,,,,
44.341938,44.341938,X173,N3,Base,,,,
44.599008,44.599008,X174,,,,,,
44.856077,44.856077,X175,N4,,,,,
45.113147,45.113147,X176,,,,,,
45.370216,45.370216,X177,N1,Base,Chord,,,
45.627285,45.627285,X178,,,,,,
45.884355,45.884355,X179,N2,,,,,
46.141424,46.141424,X180,,,,,,
46.398494,46.398494,X181,N3,Base,,,,
46.655563,46.655563,X182,,,,,,
46.912632,46.912632,X183,N4,Base,,,,
47.169702,47.169702,X184,,,,,,
47.426771,47.426771,X185,N1,Base,Chord,,,
47.683841,47.683841,X186,,,,,,
47.940910,47.940910,X187,N2,,,,,
48.197979,48.197979,X188,,,,,,
48.455049,48.455049,X189,N3,Base,,,,
48.712118,48.712118,X190,,,,,,
48.969188,48.969188,X191,N4,Base,,,,
49.226257,49.226257,X192,,Base,,,,
49.483326,49.483326,X193,N1,Cymbal,Chord,,,
49.740396,49.740396,X194,,,,,,
49.997465,49.997465,X195,N2,,,,,
50.254535,50.254535,X196,,,,,,
50.511604,50.511604,X197,N3,Base,,,,
50.768674,50.768674,X198,,,,,,
51.025743,51.025743,X199,N4,Base,,,,
51.282812,51.282812,X200,,,,,,
51.539882,51.539882,X201,N1,Base,Chord,,,
51.796951,51.796951,X202,,,,,,
52.054021,52.054021,X203,N2,,,,,
52.311090,52.311090,X204,,,,,,
52.568159,52.568159,X205,N3,Base,,,,
52.825229,52.825229,X206,,,,,,
53.082298,53.082298,X207,N4,,,,,
53.339368,53.339368,X208,,,,,,
53.596437,53.596437,X209,N1,Base,Chord,,,
53.853506,53.853506,X210,,,,,,
54.110576,54.110576,X211,N2,,,,,
54.367645,54.367645,X212,,,,,,
54.624715,54.624715,X213,N3,Base,,,,
54.881784,54.881784,X214,,,,,,
55.138853,55.138853,X215,N4,Base,,,,
55.395923,55.395923,X216,,,,,,
55.652992,55.652992,X217,N1,Base,Chord,,,
55.910062,55.910062,X218,,,,,,
56.167131,56.167131,X219,N2,,,,,
56.424201,56.424201,X220,,,,,,
56.681270,56.681270,X221,N3,Base,,,,
56.938339,56.938339,X222,,,,,,
57.195409,57.195409,X223,N4,,,,,
57.452478,57.452478,X224,,,,,,
57.709548,57.709548,X225,N1,Cymbal,Chord,,,
57.966617,57.966617,X226,,,,,,
58.223686,58.223686,X227,N2,,,,,
58.480756,58.480756,X228,,,,,,
58.737825,58.737825,X229,N3,Base,,,,
58.994895,58.994895,X230,,,,,,
59.251964,59.251964,X231,N4,Base,,,,
59.509033,59.509033,X232,,,,,,
59.766103,59.766103,X233,N1,Base,Chord,,,
60.023172,60.023172,X234,,,,,,
60.280242,60.280242,X235,N2,,,,,
60.537311,60.537311,X236,,,,,,
60.794380,60.794380,X237,N3,Base,,,,
61.051450,61.051450,X238,,,,,,
61.308519,61.308519,X239,N4,,,,,
61.565589,61.565589,X240,,,,,,
61.822658,61.822658,X241,N1,Cymbal,Chord,,,
62.079728,62.079728,X242,,,,,,
62.336797,62.336797,X243,N2,,,,,
62.593866,62.593866,X244,,,,,,
62.850936,62.850936,X245,N3,Base,,,,
63.108005,63.108005,X246,,,,,,
63.365075,63.365075,X247,N4,Cymbal,,,,
63.622144,63.622144,X248,,,,,,
63.879213,63.879213,X249,N1,Cymbal,Chord,,,
64.136283,64.136283,X250,,,,,,
64.393352,64.393352,X251,N2,,,,,
64.650422,64.650422,X252,,Base,,,,
64.907491,64.907491,X253,N3,Base,,,,
65.164560,65.164560,X254,,Base,,,,
65.421630,65.421630,X255,N4,Base,,,,
65.678699,65.678699,X256,,,,,,
65.935769,65.935769,X257,N1,Cymbal,Solo,,,
66.192838,66.192838,X258,,,Solo,,,
66.449907,66.449907,X259,N2,,Solo,,,
66.706977,66.706977,X260,,,Solo,,,
66.964046,66.964046,X261,N3,Base,Solo,,,
67.221116,67.221116,X262,,,Solo,,,
67.478185,67.478185,X263,N4,Base,Solo,,,
67.735254,67.735254,X264,,,Solo,,,
67.992324,67.992324,X265,N1,Base,Solo,,,
68.249393,68.249393,X266,,,Solo,,,
68.506463,68.506463,X267,N2,,Solo,,,
68.763532,68.763532,X268,,,Solo,,,
69.020602,69.020602,X269,N3,Base,Solo,,,
69.277671,69.277671,X270,,,Solo,,,
69.534740,69.534740,X271,N4,,Solo,,,
69.791810,69.791810,X272,,,Solo,,,
70.048879,70.048879,X273,N1,Base,Solo,,,
70.305949,70.305949,X274,,,Solo,,,
70.563018,70.563018,X275,N2,,Solo,,,
70.820087,70.820087,X276,,,Solo,,,
71.077157,71.077157,X277,N3,Base,Solo,,,
71.334226,71.334226,X278,,,Solo,,,
71.591296,71.591296,X279,N4,Base,Solo,,,
71.848365,71.848365,X280,,,Solo,,,
72.105434,72.105434,X281,N1,Base,Solo,,,
72.362504,72.362504,X282,,,Solo,,,
72.619573,72.619573,X283,N2,,Solo,,,
72.876643,72.876643,X284,,,Solo,,,
73.133712,73.133712,X285,N3,Base,Solo,,,
73.390781,73.390781,X286,,,Solo,,,
73.647851,73.647851,X287,N4,,Solo,,,
73.904920,73.904920,X288,,,Solo,,,
74.161990,74.161990,X289,N1,Cymbal,Solo,,,
74.419059,74.419059,X290,,,Solo,,,
74.676129,74.676129,X291,N2,,Solo,,,
74.933198,74.933198,X292,,,Solo,,,
75.190267,75.190267,X293,N3,Base,Solo,,,
75.447337,75.447337,X294,,,Solo,,,
75.704406,75.704406,X295,N4,Base,Solo,,,
75.961476,75.961476,X296,,,Solo,,,
76.218545,76.218545,X297,N1,Base,Solo,,,
76.475614,76.475614,X298,,,Solo,,,
76.732684,76.732684,X299,N2,,Solo,,,
76.989753,76.989753,X300,,,Solo,,,
77.246823,77.246823,X301,N3,Base,Solo,,,
77.503892,77.503892,X302,,,Solo,,,
77.760961,77.760961,X303,N4,,Solo,,,
78.018031,78.018031,X304,,,Solo,,,
78.275100,78.275100,X305,N1,Base,Solo,,,
78.532170,78.532170,X306,,,Solo,,,
78.789239,78.789239,X307,N2,,Solo,,,
79.046308,79.046308,X308,,,Solo,,,
79.303378,79.303378,X309,N3,Base,Solo,,,
79.560447,79.560447,X310,,,Solo,,,
79.817517,79.817517,X311,N4,Base,Solo,,,
80.074586,80.074586,X312,,,Solo,,,
80.331656,80.331656,X313,N1,Base,Solo,,,
80.588725,80.588725,X314,,,Solo,,,
80.845794,80.845794,X315,N2,,Solo,,,
81.102864,81.102864,X316,,,Solo,,,
81.359933,81.359933,X317,N3,Base,Solo,,,
81.617003,81.617003,X318,,,Solo,,,
81.874072,81.874072,X319,N4,Base,Solo,,,
82.131141,82.131141,X320,,Base,Solo,,,
82.388211,82.388211,X321,N1,Cymbal,Solo,,,
82.645280,82.645280,X322,,,Solo,,,
82.902350,82.902350,X323,N2,,Solo,,,
83.159419,83.159419,X324,,,Solo,,,
83.416488,83.416488,X325,N3,Base,Solo,,,
83.673558,83.673558,X326,,,Solo,,,
83.930627,83.930627,X327,N4,Base,Solo,,,
84.187697,84.187697,X328,,,Solo,,,
84.444766,84.444766,X329,N1,Base,Solo,,,
84.701835,84.701835,X330,,,Solo,,,
84.958905,84.958905,X331,N2,,Solo,,,
85.215974,85.215974,X332,,,Solo,,,
85.473044,85.473044,X333,N3,Base,Solo,,,
85.730113,85.730113,X334,,,Solo,,,
85.987183,85.987183,X335,N4,,Solo,,,
86.244252,86.244252,X336,,,Solo,,,
86.501321,86.501321,X337,N1,Base,Solo,,,
86.758391,86.758391,X338,,,Solo,,,
87.015460,87.015460,X339,N2,,Solo,,,
87.272530,87.272530,X340,,,Solo,,,
87.529599,87.529599,X341,N3,Base,Solo,,,
87.786668,87.786668,X342,,,Solo,,,
88.043738,88.043738,X343,N4,Base,Solo,,,
88.300807,88.300807,X344,,,Solo,,,
88.557877,88.557877,X345,N1,Base,Solo,,,
88.814946,88.814946,X346,,,Solo,,,
89.072015,89.072015,X347,N2,,Solo,,,
89.329085,89.329085,X348,,,Solo,,,
89.586154,89.586154,X349,N3,Base,Solo,,,
89.843224,89.843224,X350,,,Solo,,,
90.100293,90.100293,X351,N4,,Solo,,,
90.357362,90.357362,X352,,,Solo,,,
90.614432,90.614432,X353,N1,Cymbal,Solo,,,
90.871501,90.871501,X354,,,Solo,,,
91.128571,91.128571,X355,N2,,Solo,,,
91.385640,91.385640,X356,,,Solo,,,
91.642710,91.642710,X357,N3,Base,Solo,,,
91.899779,91.899779,X358,,,Solo,,,
92.156848,92.156848,X359,N4,Base,Solo,,,
92.413918,92.413918,X360,,,Solo,,,
92.670987,92.670987,X361,N1,Base,Solo,,,
92.928057,92.928057,X362,,,Solo,,,
93.185126,93.185126,X363,N2,,Solo,,,
93.442195,93.442195,X364,,,Solo,,,
93.699265,93.699265,X365,N3,Base,Solo,,,
93.956334,93.956334,X366,,,Solo,,,
94.213404,94.213404,X367,N4,,Solo,,,
94.470473,94.470473,X368,,,Solo,,,
94.727542,94.727542,X369,N1,Cymbal,Solo,,,
94.984612,94.984612,X370,,,Solo,,,
95.241681,95.241681,X371,N2,,Solo,,,
95.498751,95.498751,X372,,,Solo,,,
95.755820,95.755820,X373,N3,Base,Solo,,,
96.012889,96.012889,X374,,,Solo,,,
96.269959,96.269959,X375,N4,Cymbal,Solo,,,
96.527028,96.527028,X376,,,Solo,,,
96.784098,96.784098,X377,N1,Cymbal,Solo,,,
97.041167,97.041167,X378,,,Solo,,,
97.298237,97.298237,X379,N2,,Solo,,,
97.555306,97.555306,X380,,Base,Solo,,,
97.812375,97.812375,X381,N3,Base,Solo,,,
98.069445,98.069445,X382,,Base,Solo,,,
98.326514,98.326514,X383,N4,Base,Solo,,,
98.583584,98.583584,X384,,,Solo,,,
98.840653,98.840653,X385,N1,Base,Chord,,,
99.097722,99.097722,X386,,,,,,
99.354792,99.354792,X387,N2,,,Choir,,
99.611861,99.611861,X388,,,,,,
99.868931,99.868931,X389,N3,Base,,Choir,,
100.126000,100.126000,X390,,,,,,
100.383069,100.383069,X391,N4,,,,,
100.640139,100.640139,X392,,,,,,
100.897208,100.897208,X393,N1,Base,,,,
101.154278,101.154278,X394,,,,,,
101.411347,101.411347,X395,N2,,,Choir,,
101.668416,101.668416,X396,,,,,,
101.925486,101.925486,X397,N3,Base,,Choir,,
102.182555,102.182555,X398,,,,,,
102.439625,102.439625,X399,N4,,,,,
102.696694,102.696694,X400,,,,,,
102.953763,102.953763,X401,N1,Base,,,,
103.210833,103.210833,X402,,,,,,
103.467902,103.467902,X403,N2,,,Choir,,
103.724972,103.724972,X404,,,,,,
103.982041,103.982041,X405,N3,Base,,Choir,,
104.239111,104.239111,X406,,,,,,
104.496180,104.496180,X407,N4,,,,,
104.753249,104.753249,X408,,,,,,
105.010319,105.010319,X409,N1,Base,,,,
105.267388,105.267388,X410,,,,,,
105.524458,105.524458,X411,N2,,,Choir,,
105.781527,105.781527,X412,,,,,,
106.038596,106.038596,X413,N3,Base,,Choir,,
106.295666,106.295666,X414,,,,,,
106.552735,106.552735,X415,N4,,,,,
106.809805,106.809805,X416,,,,,,
107.066874,107.066874,X417,N1,Base,,,,
107.323943,107.323943,X418,,,,,,
107.581013,107.581013,X419,N2,,,Choir,,
107.838082,107.838082,X420,,,,,,
108.095152,108.095152,X421,N3,Base,,Choir,,
108.352221,108.352221,X422,,,,,,
108.609290,108.609290,X423,N4,,,,,
108.866360,108.866360,X424,,,,,,
109.123429,109.123429,X425,N1,Base,,,,
109.380499,109.380499,X426,,,,,,
109.637568,109.637568,X427,N2,,,Choir,,
109.894638,109.894638,X428,,,,,,
110.151707,110.151707,X429,N3,Base,,Choir,,
110.408776,110.408776,X430,,,,,,
110.665846,110.665846,X431,N4,,,,,
110.922915,110.922915,X432,,,,,,
111.179985,111.179985,X433,N1,Base,,,,
111.437054,111.437054,X434,,,,,,
111.694123,111.694123,X435,N2,,,Choir,,
111.951193,111.951193,X436,,,,,,
112.208262,112.208262,X437,N3,Base,,Choir,,
112.465332,112.465332,X438,,,,,,
112.722401,112.722401,X439,N4,,,,,
112.979470,112.979470,X440,,,,,,
113.236540,113.236540,X441,N1,Base,,,,
113.493609,113.493609,X442,,,,,,
113.750679,113.750679,X443,N2,,,Choir,,
114.007748,114.007748,X444,,,,,,
114.264817,114.264817,X445,N3,Base,,Choir,,
114.521887,114.521887,X446,,,,,,
114.778956,114.778956,X447,N4,,,,,
115.036026,115.036026,X448,,,,,,
115.293095,115.293095,X449,N1,Base,,,,
115.550165,115.550165,X450,,,,,,
115.807234,115.807234,X451,N2,,,Choir,,
116.064303,116.064303,X452,,,,,,
116.321373,116.321373,X453,N3,Base,,Choir,,
116.578442,116.578442,X454,,,,,,
116.835512,116.835512,X455,N4,,,,,
117.092581,117.092581,X456,,,,,,
117.349650,117.349650,X457,N1,Base,,,,
117.606720,117.606720,X458,,,,,,
117.863789,117.863789,X459,N2,,,Choir,,
118.120859,118.120859,X460,,,,,,
118.377928,118.377928,X461,N3,Base,,Choir,,
118.634997,118.634997,X462,,,,,,
118.892067,118.892067,X463,N4,,,,,
119.149136,119.149136,X464,,,,,,
119.406206,119.406206,X465,N1,Base,,,,
119.663275,119.663275,X466,,,,,,
119.920344,119.920344,X467,N2,,,Choir,,
120.177414,120.177414,X468,,,,,,
120.434483,120.434483,X469,N3,Base,,Choir,,
120.691553,120.691553,X470,,,,,,
120.948622,120.948622,X471,N4,,,,,
121.205692,121.205692,X472,,,,,,
121.462761,121.462761,X473,N1,Base,,,,
121.719830,121.719830,X474,,,,,,
121.976900,121.976900,X475,N2,,,Choir,,
122.233969,122.233969,X476,,,,,,
122.491039,122.491039,X477,N3,Base,,Choir,,
122.748108,122.748108,X478,,,,,,
123.005177,123.005177,X479,N4,,,,,
123.262247,123.262247,X480,,,,,,
123.519316,123.519316,X481,N1,Base,,,,
123.776386,123.776386,X482,,,,,,
124.033455,124.033455,X483,N2,,,Choir,,
124.290524,124.290524,X484,,,,,,
124.547594,124.547594,X485,N3,Base,,Choir,,
124.804663,124.804663,X486,,,,,,
125.061733,125.061733,X487,N4,,,,,
125.318802,125.318802,X488,,,,,,
125.575871,125.575871,X489,N1,Base,,,,
125.832941,125.832941,X490,,,,,,
126.090010,126.090010,X491,N2,,,Choir,,
126.347080,126.347080,X492,,,,,,
126.604149,126.604149,X493,N3,Base,,Choir,,
126.861219,126.861219,X494,,,,,,
127.118288,127.118288,X495,N4,,,,,
127.375357,127.375357,X496,,,,,,
127.632427,127.632427,X497,N1,Base,,,,
127.889496,127.889496,X498,,,,,,
128.146566,128.146566,X499,N2,,,Choir,,
128.403635,128.403635,X500,,,,,,
128.660704,128.660704,X501,N3,Base,,Choir,,
128.917774,128.917774,X502,,,,,,
129.174843,129.174843,X503,N4,,,,,
129.431913,129.431913,X504,,,,,,
129.688982,129.688982,X505,N1,Base,,,,
129.946051,129.946051,X506,,,,,,
130.203121,130.203121,X507,N2,,,Choir,,
130.460190,130.460190,X508,,,,,,
130.717260,130.717260,X509,N3,Base,,Choir,,
130.974329,130.974329,X510,,,,,,
131.231398,131.231398,X511,N4,,,,,
131.488468,131.488468,X512,,,,,,
131.745537,131.745537,X513,N1,Base,,,Voice,
132.002607,132.002607,X514,,,,,,
132.259676,132.259676,X515,N2,,,Choir,,
132.516746,132.516746,X516,,,,,,
132.773815,132.773815,X517,N3,Base,,Choir,,
133.030884,133.030884,X518,,,,,,
133.287954,133.287954,X519,N4,,,,,
133.545023,133.545023,X520,,,,,,
133.802093,133.802093,X521,N1,Base,,,Voice,
134.059162,134.059162,X522,,,,,,
134.316231,134.316231,X523,N2,,,Choir,,
134.573301,134.573301,X524,,,,,,
134.830370,134.830370,X525,N3,Base,,Choir,,
135.087440,135.087440,X526,,,,,,
135.344509,135.344509,X527,N4,,,,,
135.601578,135.601578,X528,,,,,,
135.858648,135.858648,X529,N1,Base,,,Voice,
136.115717,136.115717,X530,,,,,,
136.372787,136.372787,X531,N2,,,Choir,,
136.629856,136.629856,X532,,,,,,
136.886925,136.886925,X533,N3,Base,,Choir,,
137.143995,137.143995,X534,,,,,,
137.401064,137.401064,X535,N4,,,,,
137.658134,137.658134,X536,,,,,,
137.915203,137.915203,X537,N1,Base,,,Voice,
138.172272,138.172272,X538,,,,,,
138.429342,138.429342,X539,N2,,,Choir,,
138.686411,138.686411,X540,,,,,,
138.943481,138.943481,X541,N3,Base,,Choir,,
139.200550,139.200550,X542,,,,,,
139.457620,139.457620,X543,N4,,,,,
139.714689,139.714689,X544,,,,,,
139.971758,139.971758,X545,N1,Base,,,Voice,
140.228828,140.228828,X546,,,,,,
140.485897,140.485897,X547,N2,,,Choir,,
140.742967,140.742967,X548,,,,,,
141.000036,141.000036,X549,N3,Base,,Choir,,
141.257105,141.257105,X550,,,,,,
141.514175,141.514175,X551,N4,,,,,
141.771244,141.771244,X552,,,,,,
142.028314,142.028314,X553,N1,Base,,,Voice,
142.285383,142.285383,X554,,,,,,
142.542452,142.542452,X555,N2,,,Choir,,
142.799522,142.799522,X556,,,,,,
143.056591,143.056591,X557,N3,Base,,Choir,,
143.313661,143.313661,X558,,,,,,
143.570730,143.570730,X559,N4,,,,,
143.827799,143.827799,X560,,,,,,
144.084869,144.084869,X561,N1,Base,,,Voice,
144.341938,144.341938,X562,,,,,,
144.599008,144.599008,X563,N2,,,Choir,,
144.856077,144.856077,X564,,,,,,
145.113147,145.113147,X565,N3,Base,,Choir,Voice,
145.370216,145.370216,X566,,,,,,
145.627285,145.627285,X567,N4,,,,,
145.884355,145.884355,X568,,,,,,
146.141424,146.141424,X569,N1,Base,,,Voice,
146.398494,146.398494,X570,,,,,,
146.655563,146.655563,X571,N2,,,Choir,,
146.912632,146.912632,X572,,,,,,
147.169702,147.169702,X573,N3,Base,,Choir,Voice,
147.426771,147.426771,X574,,,,,,
147.683841,147.683841,X575,N4,,,,,
147.940910,147.940910,X576,,,,,,
148.197979,148.197979,X577,N1,Base,,,Voice,
148.455049,148.455049,X578,,,,,,
148.712118,148.712118,X579,N2,,,Choir,,
148.969188,148.969188,X580,,,,,,
149.226257,149.226257,X581,N3,Base,,Choir,,
149.483326,149.483326,X582,,,,,,
149.740396,149.740396,X583,N4,,,,,
149.997465,149.997465,X584,,,,,,
150.254535,150.254535,X585,N1,Base,,,Voice,
150.511604,150.511604,X586,,,,,,
150.768674,150.768674,X587,N2,,,Choir,,
151.025743,151.025743,X588,,,,,,
151.282812,151.282812,X589,N3,Base,,Choir,,
151.539882,151.539882,X590,,,,,,
151.796951,151.796951,X591,N4,,,,,
152.054021,152.054021,X592,,,,,,
152.311090,152.311090,X593,N1,Base,,,Voice,
152.568159,152.568159,X594,,,,,,
152.825229,152.825229,X595,N2,,,Choir,,
153.082298,153.082298,X596,,,,,,
153.339368,153.339368,X597,N3,Base,,Choir,,
153.596437,153.596437,X598,,,,,,
153.853506,153.853506,X599,N4,,,,,
154.110576,154.110576,X600,,,,,,
154.367645,154.367645,X601,N1,Base,,,Voice,
154.624715,154.624715,X602,,,,,,
154.881784,154.881784,X603,N2,,,Choir,,
155.138853,155.138853,X604,,,,,,
155.395923,155.395923,X605,N3,Base,,Choir,,
155.652992,155.652992,X606,,,,,,
155.910062,155.910062,X607,N4,,,,,
156.167131,156.167131,X608,,,,,,
156.424201,156.424201,X609,N1,Base,,,Voice,
156.681270,156.681270,X610,,,,,,
156.938339,156.938339,X611,N2,,,Choir,,
157.195409,157.195409,X612,,,,,,
157.452478,157.452478,X613,N3,Base,,Choir,,
157.709548,157.709548,X614,,,,,,
157.966617,157.966617,X615,N4,,,,,
158.223686,158.223686,X616,,,,,,
158.480756,158.480756,X617,N1,Base,,,Voice,
158.737825,158.737825,X618,,,,,,
158.994895,158.994895,X619,N2,,,Choir,,
159.251964,159.251964,X620,,,,,,
159.509033,159.509033,X621,N3,Base,,Choir,,
159.766103,159.766103,X622,,,,,,
160.023172,160.023172,X623,N4,,,,,
160.280242,160.280242,X624,,,,,,
160.537311,160.537311,X625,N1,Base,,,Voice,
160.794380,160.794380,X626,,,,,,
161.051450,161.051450,X627,N2,,,Choir,,
161.308519,161.308519,X628,,,,,,
161.565589,161.565589,X629,N3,Base,,Choir,Voice,
161.822658,161.822658,X630,,,,,,
162.079728,162.079728,X631,N4,,,,,
162.336797,162.336797,X632,,,,,,
162.593866,162.593866,X633,N1,Base,,,Voice,
162.850936,162.850936,X634,,Base,,,,
163.108005,163.108005,X635,N2,,,Choir,,
163.365075,163.365075,X636,,Base,,,,
163.622144,163.622144,X637,N3,Base,,Choir,Voice,
163.879213,163.879213,X638,,Base,,,,
164.136283,164.136283,X639,N4,Base,,,,
164.393352,164.393352,X640,,,,,,
164.650422,164.650422,X641,N1,Cymbal,Chord,,Voice,
164.907491,164.907491,X642,,,,,,
165.164560,165.164560,X643,N2,,,,,Vocal2
165.421630,165.421630,X644,,,,,,
165.678699,165.678699,X645,N3,Base,,,,Vocal2
165.935769,165.935769,X646,,,,,,
166.192838,166.192838,X647,N4,Base,,,,Vocal2
166.449907,166.449907,X648,,,,,,
166.706977,166.706977,X649,N1,Base,Chord,,,Vocal2
166.964046,166.964046,X650,,,,,,
167.221116,167.221116,X651,N2,,,,,Vocal2
167.478185,167.478185,X652,,,,,,
167.735254,167.735254,X653,N3,Base,,,,Vocal2
167.992324,167.992324,X654,,,,,,
168.249393,168.249393,X655,N4,,,,,Vocal2
168.506463,168.506463,X656,,,,,,
168.763532,168.763532,X657,N1,Base,Chord,,,Vocal2
169.020602,169.020602,X658,,,,,,
169.277671,169.277671,X659,N2,,,,,Vocal2
169.534740,169.534740,X660,,,,,,
169.791810,169.791810,X661,N3,Base,,,,Vocal2
170.048879,170.048879,X662,,,,,,
170.305949,170.305949,X663,N4,,,,,Vocal2
170.563018,170.563018,X664,,,,,,
170.820087,170.820087,X665,N1,Base,Chord,,,Vocal2
171.077157,171.077157,X666,,,,,,
171.334226,171.334226,X667,N2,,,,,Vocal2
171.591296,171.591296,X668,,,,,,
171.848365,171.848365,X669,N3,Base,,,,Vocal2
172.105434,172.105434,X670,,,,,,
172.362504,172.362504,X671,N4,,,,,Vocal2
172.619573,172.619573,X672,,,,,,
172.876643,172.876643,X673,N1,Cymbal,Chord,,,Vocal2
173.133712,173.133712,X674,,,,,,
173.390781,173.390781,X675,N2,,,,,Vocal2
173.647851,173.647851,X676,,,,,,
173.904920,173.904920,X677,N3,Base,,,,Vocal2
174.161990,174.161990,X678,,,,,,
174.419059,174.419059,X679,N4,Base,,,,Vocal2
174.676129,174.676129,X680,,,,,,
174.933198,174.933198,X681,N1,Base,Chord,,,Vocal2
175.190267,175.190267,X682,,,,,,
175.447337,175.447337,X683,N2,,,,,Vocal2
175.704406,175.704406,X684,,,,,,
175.961476,175.961476,X685,N3,Base,,,,Vocal2
176.218545,176.218545,X686,,,,,,
176.475614,176.475614,X687,N4,,,,,Vocal2
176.732684,176.732684,X688,,,,,,
176.989753,176.989753,X689,N1,Base,Chord,,,Vocal2
177.246823,177.246823,X690,,,,,,
177.503892,177.503892,X691,N2,,,,,Vocal2
177.760961,177.760961,X692,,,,,,
178.018031,178.018031,X693,N3,Base,,,,Vocal2
178.275100,178.275100,X694,,,,,,
178.532170,178.532170,X695,N4,Base,,,,Vocal2
178.789239,178.789239,X696,,,,,,
179.046308,179.046308,X697,N1,Base,Chord,,,Vocal2
179.303378,179.303378,X698,,,,,,
179.560447,179.560447,X699,N2,,,,,Vocal2
179.817517,179.817517,X700,,,,,,
180.074586,180.074586,X701,N3,Base,,,,Vocal2
180.331656,180.331656,X702,,Base,,,,
180.588725,180.588725,X703,N4,Base,,,,Vocal2
180.845794,180.845794,X704,,Base,,,,
181.102864,181.102864,X705,N1,Cymbal,Chord,,,Vocal2
181.359933,181.359933,X706,,,,,,
181.617003,181.617003,X707,N2,,,,,Vocal2
181.874072,181.874072,X708,,,,,,
182.131141,182.131141,X709,N3,Base,,,,Vocal2
182.388211,182.388211,X710,,,,,,
182.645280,182.645280,X711,N4,Base,,,,Vocal2
182.902350,182.902350,X712,,,,,,
183.159419,183.159419,X713,N1,Base,Chord,,,Vocal2
183.416488,183.416488,X714,,,,,,
183.673558,183.673558,X715,N2,,,,,Vocal2
183.930627,183.930627,X716,,,,,,
184.187697,184.187697,X717,N3,Base,,,,Vocal2
184.444766,184.444766,X718,,,,,,
184.701835,184.701835,X719,N4,,,,,Vocal2
184.958905,184.958905,X720,,,,,,
185.215974,185.215974,X721,N1,Base,Chord,,,Vocal2
185.473044,185.473044,X722,,,,,,
185.730113,185.730113,X723,N2,,,,,Vocal2
185.987183,185.987183,X724,,,,,,
186.244252,186.244252,X725,N3,Base,,,,Vocal2
186.501321,186.501321,X726,,,,,,
186.758391,186.758391,X727,N4,Base,,,,Vocal2
187.015460,187.015460,X728,,,,,,
187.272530,187.272530,X729,N1,Base,Chord,,,Vocal2
187.529599,187.529599,X730,,,,,,
187.786668,187.786668,X731,N2,,,,,Vocal2
188.043738,188.043738,X732,,,,,,
188.300807,188.300807,X733,N3,Base,,,,Vocal2
188.557877,188.557877,X734,,,,,,
188.814946,188.814946,X735,N4,,,,,Vocal2
189.072015,189.072015,X736,,,,,,
189.329085,189.329085,X737,N1,Base,Chord,,,Vocal2
189.586154,189.586154,X738,,,,,,
189.843224,189.843224,X739,N2,,,,,Vocal2
190.100293,190.100293,X740,,,,,,
190.357362,190.357362,X741,N3,Base,,,,Vocal2
190.614432,190.614432,X742,,,,,,
190.871501,190.871501,X743,N4,Base,,,,Vocal2
191.128571,191.128571,X744,,,,,,
191.385640,191.385640,X745,N1,Base,Chord,,,Vocal2
191.642710,191.642710,X746,,,,,,
191.899779,191.899779,X747,N2,,,,,Vocal2
192.156848,192.156848,X748,,,,,,
192.413918,192.413918,X749,N3,Base,,,,Vocal2
192.670987,192.670987,X750,,,,,,
192.928057,192.928057,X751,N4,,,,,Vocal2
193.185126,193.185126,X752,,,,,,
193.442195,193.442195,X753,N1,Base,Chord,,,Vocal2
193.699265,193.699265,X754,,,,,,
193.956334,193.956334,X755,N2,,,,,Vocal2
194.213404,194.213404,X756,,,,,,
194.470473,194.470473,X757,N3,Base,,,,Vocal2
194.727542,194.727542,X758,,,,,,
194.984612,194.984612,X759,N4,Base,,,,Vocal2
195.241681,195.241681,X760,,,,,,
195.498751,195.498751,X761,N1,Cymbal,Chord,,,Vocal2
195.755820,195.755820,X762,,,,,,
196.012889,196.012889,X763,N2,Base,,,,Vocal2
196.269959,196.269959,X764,,Base,,,,
196.527028,196.527028,X765,N3,Base,,,,Vocal2
196.784098,196.784098,X766,,Base,,,,
197.041167,197.041167,X767,N4,Base,,,,Vocal2
197.298237,197.298237,X768,,Base,,,,
197.555306,197.555306,X769,N1,Cymbal,Chord,,,Long
197.812375,197.812375,X770,,,,,,
198.069445,198.069445,X771,N2,,,,,
198.326514,198.326514,X772,,,,,,
198.583584,198.583584,X773,N3,Base,,,,
198.840653,198.840653,X774,,,,,,
199.097722,199.097722,X775,N4,Base,,,,
199.354792,199.354792,X776,,,,,,
199.611861,199.611861,X777,N1,Base,Chord,,,
199.868931,199.868931,X778,,,,,,
200.126000,200.126000,X779,N2,,,,,
200.383069,200.383069,X780,,,,,,
200.640139,200.640139,X781,N3,Base,,,,
200.897208,200.897208,X782,,,,,,
201.154278,201.154278,X783,N4,,,,,
201.411347,201.411347,X784,,,,,,
201.668416,201.668416,X785,N1,Base,Chord,,,
201.925486,201.925486,X786,,,,,,
202.182555,202.182555,X787,N2,,,,,
202.439625,202.439625,X788,,,,,,
202.696694,202.696694,X789,N3,Base,,,,
202.953763,202.953763,X790,,,,,,
203.210833,203.210833,X791,N4,Base,,,,
203.467902,203.467902,X792,,,,,,
203.724972,203.724972,X793,N1,Base,Chord,,,LongUp
203.982041,203.982041,X794,,,,,,
204.239111,204.239111,X795,N2,,,,,Down
204.496180,204.496180,X796,,,,,,
204.753249,204.753249,X797,N3,Base,,,,Down
205.010319,205.010319,X798,,,,,,
205.267388,205.267388,X799,N4,Cymbal,,,,Down
205.524458,205.524458,X800,,,,,,
205.781527,205.781527,X801,N1,Cymbal,Chord,,,Down
206.038596,206.038596,X802,,,,,,
206.295666,206.295666,X803,N2,,,,,
206.552735,206.552735,X804,,,,,,
206.809805,206.809805,X805,N3,Base,,,,
207.066874,207.066874,X806,,,,,,
207.323943,207.323943,X807,N4,Base,,,,
207.581013,207.581013,X808,,,,,,
207.838082,207.838082,X809,N1,Base,Chord,,,Voice
208.095152,208.095152,X810,,,,,,
208.352221,208.352221,X811,N2,,,,,
208.609290,208.609290,X812,,,,,,
208.866360,208.866360,X813,N3,Base,,,,
209.123429,209.123429,X814,,,,,,
209.380499,209.380499,X815,N4,,,,,
209.637568,209.637568,X816,,,,,,
209.894638,209.894638,X817,N1,Base,Chord,,,Voice
210.151707,210.151707,X818,,,,,,
210.408776,210.408776,X819,N2,,,,,
210.665846,210.665846,X820,,,,,,
210.922915,210.922915,X821,N3,Base,,,,
211.179985,211.179985,X822,,,,,,
211.437054,211.437054,X823,N4,Base,,,,
211.694123,211.694123,X824,,,,,,
211.951193,211.951193,X825,N1,Cymbal,Chord,,,Voice
212.208262,212.208262,X826,,,,,,
212.465332,212.465332,X827,N2,,,,,
212.722401,212.722401,X828,,,,,,
212.979470,212.979470,X829,N3,Base,,,,
213.236540,213.236540,X830,,,,,,
213.493609,213.493609,X831,N4,Base,,,,
213.750679,213.750679,X832,,Base,,,,
214.007748,214.007748,X833,N1,Cymbal,Solo,,,
214.264817,214.264817,X834,,,Solo,,,
214.521887,214.521887,X835,N2,,Solo,,,
214.778956,214.778956,X836,,,Solo,,,
215.036026,215.036026,X837,N3,Base,Solo,,,
215.293095,215.293095,X838,,,Solo,,,
215.550165,215.550165,X839,N4,Base,Solo,,,
215.807234,215.807234,X840,,,Solo,,,
216.064303,216.064303,X841,N1,Base,Solo,,,
216.321373,216.321373,X842,,,Solo,,,
216.578442,216.578442,X843,N2,,Solo,,,
216.835512,216.835512,X844,,,Solo,,,
217.092581,217.092581,X845,N3,Base,Solo,,,
217.349650,217.349650,X846,,,Solo,,,
217.606720,217.606720,X847,N4,,Solo,,,
217.863789,217.863789,X848,,,Solo,,,
218.120859,218.120859,X849,N1,Base,Solo,,,
218.377928,218.377928,X850,,,Solo,,,
218.634997,218.634997,X851,N2,,Solo,,,
218.892067,218.892067,X852,,,Solo,,,
219.149136,219.149136,X853,N3,Base,Solo,,,
219.406206,219.406206,X854,,,Solo,,,
219.663275,219.663275,X855,N4,Base,Solo,,,
219.920344,219.920344,X856,,,Solo,,,
220.177414,220.177414,X857,N1,Base,Solo,,,
220.434483,220.434483,X858,,,Solo,,,
220.691553,220.691553,X859,N2,,Solo,,,
220.948622,220.948622,X860,,,Solo,,,
221.205692,221.205692,X861,N3,Base,Solo,,,
221.462761,221.462761,X862,,,Solo,,,
221.719830,221.719830,X863,N4,,Solo,,,
221.976900,221.976900,X864,,,Solo,,,
222.233969,222.233969,X865,N1,Base,Solo,,,
222.491039,222.491039,X866,,,Solo,,,
222.748108,222.748108,X867,N2,,Solo,,,
223.005177,223.005177,X868,,,Solo,,,
223.262247,223.262247,X869,N3,Base,Solo,,,
223.519316,223.519316,X870,,,Solo,,,
223.776386,223.776386,X871,N4,Base,Solo,,,
224.033455,224.033455,X872,,,Solo,,,
224.290524,224.290524,X873,N1,Base,Solo,,,
224.547594,224.547594,X874,,,Solo,,,
224.804663,224.804663,X875,N2,,Solo,,,
225.061733,225.061733,X876,,,Solo,,,
225.318802,225.318802,X877,N3,Base,Solo,,,
225.575871,225.575871,X878,,,Solo,,,
225.832941,225.832941,X879,N4,,Solo,,,
226.090010,226.090010,X880,,,Solo,,,
226.347080,226.347080,X881,N1,Cymbal,Solo,,,
226.604149,226.604149,X882,,,Solo,,,
226.861219,226.861219,X883,N2,,Solo,,,
227.118288,227.118288,X884,,,Solo,,,
227.375357,227.375357,X885,N3,Base,Solo,,,
227.632427,227.632427,X886,,,Solo,,,
227.889496,227.889496,X887,N4,Base,Solo,,,
228.146566,228.146566,X888,,,Solo,,,
228.403635,228.403635,X889,N1,Cymbal,Solo,,,
228.660704,228.660704,X890,,,Solo,,,
228.917774,228.917774,X891,N2,,Solo,,,
229.174843,229.174843,X892,,,Solo,,,
229.431913,229.431913,X893,N3,Base,Solo,,,
229.688982,229.688982,X894,,,Solo,,,
229.946051,229.946051,X895,N4,Base,Solo,,,
230.203121,230.203121,X896,,Base,Solo,,,
230.460190,230.460190,X897,N1,Cymbal,Chord,,,Long
230.717260,230.717260,X898,,,,,,
230.974329,230.974329,X899,N2,,,,,
231.231398,231.231398,X900,,,,,,
231.488468,231.488468,X901,N3,Base,,,,
231.745537,231.745537,X902,,,,,,
232.002607,232.002607,X903,N4,Base,,,,
232.259676,232.259676,X904,,,,,,
232.516746,232.516746,X905,N1,Base,Chord,,,Long
232.773815,232.773815,X906,,,,,,
233.030884,233.030884,X907,N2,,,,,
233.287954,233.287954,X908,,,,,,
233.545023,233.545023,X909,N3,Base,,,,
233.802093,233.802093,X910,,,,,,
234.059162,234.059162,X911,N4,,,,,
234.316231,234.316231,X912,,,,,,
234.573301,234.573301,X913,N1,Base,Chord,,,Long
234.830370,234.830370,X914,,,,,,
235.087440,235.087440,X915,N2,,,,,
235.344509,235.344509,X916,,,,,,
235.601578,235.601578,X917,N3,Base,,,,
235.858648,235.858648,X918,,,,,,
236.115717,236.115717,X919,N4,Base,,,,
236.372787,236.372787,X920,,,,,,
236.629856,236.629856,X921,N1,Base,Chord,,,Long
236.886925,236.886925,X922,,,,,,
237.143995,237.143995,X923,N2,,,,,
237.401064,237.401064,X924,,,,,,
237.658134,237.658134,X925,N3,Base,,,,
237.915203,237.915203,X926,,,,,,
238.172272,238.172272,X927,N4,,,,,
238.429342,238.429342,X928,,,,,,
238.686411,238.686411,X929,N1,Cymbal,Chord,,,Long
238.943481,238.943481,X930,,,,,,
239.200550,239.200550,X931,N2,,,,,
239.457620,239.457620,X932,,,,,,
239.714689,239.714689,X933,N3,Base,,,,
239.971758,239.971758,X934,,,,,,
240.228828,240.228828,X935,N4,Base,,,,
240.485897,240.485897,X936,,,,,,
240.742967,240.742967,X937,N1,Base,Chord,,,
241.000036,241.000036,X938,,,,,,
241.257105,241.257105,X939,N2,,,,,
241.514175,241.514175,X940,,,,,,
241.771244,241.771244,X941,N3,Base,,,,
242.028314,242.028314,X942,,,,,,
242.285383,242.285383,X943,N4,,,,,
242.542452,242.542452,X944,,,,,,
242.799522,242.799522,X945,N1,Cymbal,Solo,,,
243.056591,243.056591,X946,,,Solo,,,
243.313661,243.313661,X947,N2,,Solo,,,
243.570730,243.570730,X948,,,Solo,,,
243.827799,243.827799,X949,N3,Base,Solo,,,
244.084869,244.084869,X950,,,Solo,,,
244.341938,244.341938,X951,N4,Base,Solo,,,
244.599008,244.599008,X952,,,Solo,,,
244.856077,244.856077,X953,N1,Base,Solo,,,
245.113147,245.113147,X954,,Base,Solo,,,
245.370216,245.370216,X955,N2,Base,Solo,,,
245.627285,245.627285,X956,,Base,Solo,,,
245.884355,245.884355,X957,N3,Base,Solo,,,
246.141424,246.141424,X958,,Base,Solo,,,
246.398494,246.398494,X959,N4,Base,Solo,,,
246.655563,246.655563,X960,,,Solo,,,
246.912632,246.912632,X961,N1,Base,Solo,,,
247.169702,247.169702,X962,,,Solo,,,
247.426771,247.426771,X963,N2,,Solo,,,
247.683841,247.683841,X964,,,Solo,,,
247.940910,247.940910,X965,N3,Base,Solo,,,
248.197979,248.197979,X966,,,Solo,,,
248.455049,248.455049,X967,N4,Base,Solo,,,
248.712118,248.712118,X968,,,Solo,,,
248.969188,248.969188,X969,N1,Base,Solo,,,
249.226257,249.226257,X970,,,Solo,,,
249.483326,249.483326,X971,N2,,Solo,,,
249.740396,249.740396,X972,,,Solo,,,
249.997465,249.997465,X973,N3,Base,Solo,,,
250.254535,250.254535,X974,,,Solo,,,
250.511604,250.511604,X975,N4,,Solo,,,
250.768674,250.768674,X976,,,Solo,,,
251.025743,251.025743,X977,N1,Cymbal,Solo,,,
251.282812,251.282812,X978,,,Solo,,,
251.539882,251.539882,X979,N2,,Solo,,,
251.796951,251.796951,X980,,,Solo,,,
252.054021,252.054021,X981,N3,Base,Solo,,,
252.311090,252.311090,X982,,,Solo,,,
252.568159,252.568159,X983,N4,Base,Solo,,,
252.825229,252.825229,X984,,,Solo,,,
253.082298,253.082298,X985,N1,Base,Solo,,,
253.339368,253.339368,X986,,,Solo,,,
253.596437,253.596437,X987,N2,,Solo,,,
253.853506,253.853506,X988,,,Solo,,,
254.110576,254.110576,X989,N3,Base,Solo,,,
254.367645,254.367645,X990,,,Solo,,,
254.624715,254.624715,X991,N4,,Solo,,,
254.881784,254.881784,X992,,,Solo,,,
255.138853,255.138853,X993,N1,Cymbal,Solo,,,
255.395923,255.395923,X994,,,Solo,,,
255.652992,255.652992,X995,N2,,Solo,,,
255.910062,255.910062,X996,,,Solo,,,
256.167131,256.167131,X997,N3,Base,Solo,,,
256.424201,256.424201,X998,,,Solo,,,
256.681270,256.681270,X999,N4,Base,Solo,,,
256.938339,256.938339,X1000,,,Solo,,,
257.195409,257.195409,X1001,N1,Base,Solo,,,
257.452478,257.452478,X1002,,,Solo,,,
257.709548,257.709548,X1003,N2,,Solo,,,
257.966617,257.966617,X1004,,,Solo,,,
258.223686,258.223686,X1005,N3,Base,Solo,,,
258.480756,258.480756,X1006,,,Solo,,,
258.737825,258.737825,X1007,N4,,Solo,,,
258.994895,258.994895,X1008,,,Solo,,,
259.251964,259.251964,X1009,N1,Cymbal,Solo,,,
259.509033,259.509033,X1010,,,Solo,,,
259.766103,259.766103,X1011,N2,,Solo,,,
260.023172,260.023172,X1012,,,Solo,,,
260.280242,260.280242,X1013,N3,Base,Solo,,,
260.537311,260.537311,X1014,,,Solo,,,
260.794380,260.794380,X1015,N4,Base,Solo,,,
261.051450,261.051450,X1016,,,Solo,,,
261.308519,261.308519,X1017,N1,Cymbal,Solo,,,
261.565589,261.565589,X1018,,,Solo,,,
261.822658,261.822658,X1019,N2,,Solo,,,
262.079728,262.079728,X1020,,,Solo,,,
262.336797,262.336797,X1021,N3,Base,Solo,,,
262.593866,262.593866,X1022,,Base,Solo,,,
262.850936,262.850936,X1023,N4,Base,Solo,,,
263.108005,263.108005,X1024,,Base,Solo,,,
263.365075,263.365075,X1025,N1,Cymbal,Solo,,,
263.622144,263.622144,X1026,,,Solo,,,
263.879213,263.879213,X1027,N2,,Solo,,,
264.136283,264.136283,X1028,,,Solo,,,
264.393352,264.393352,X1029,N3,Base,Solo,,,
264.650422,264.650422,X1030,,,Solo,,,
264.907491,264.907491,X1031,N4,Base,Solo,,,
265.164560,265.164560,X1032,,,Solo,,,
265.421630,265.421630,X1033,N1,Base,Solo,,,
265.678699,265.678699,X1034,,,Solo,,,
265.935769,265.935769,X1035,N2,,Solo,,,
266.192838,266.192838,X1036,,,Solo,,,
266.449907,266.449907,X1037,N3,Base,Solo,,,
266.706977,266.706977,X1038,,,Solo,,,
266.964046,266.964046,X1039,N4,,Solo,,,
267.221116,267.221116,X1040,,,Solo,,,
267.478185,267.478185,X1041,N1,Cymbal,Solo,,,
267.735254,267.735254,X1042,,,Solo,,,
267.992324,267.992324,X1043,N2,,Solo,,,
268.249393,268.249393,X1044,,,Solo,,,
268.506463,268.506463,X1045,N3,Base,Solo,,,
268.763532,268.763532,X1046,,,Solo,,,
269.020602,269.020602,X1047,N4,Base,Solo,,,
269.277671,269.277671,X1048,,,Solo,,,
269.534740,269.534740,X1049,N1,Cymbal,Solo,,,
269.791810,269.791810,X1050,,,Solo,,,
270.048879,270.048879,X1051,N2,,Solo,,,
270.305949,270.305949,X1052,,,Solo,,,
270.563018,270.563018,X1053,N3,Base,Solo,,,
270.820087,270.820087,X1054,,,Solo,,,
271.077157,271.077157,X1055,N4,,Solo,,,
271.334226,271.334226,X1056,,,Solo,,,
271.591296,271.591296,X1057,N1,Cymbal,Solo,,,
271.848365,271.848365,X1058,,,Solo,,,
272.105434,272.105434,X1059,N2,,Solo,,,
272.362504,272.362504,X1060,,,Solo,,,
272.619573,272.619573,X1061,N3,Base,Solo,,,
272.876643,272.876643,X1062,,,Solo,,,
273.133712,273.133712,X1063,N4,Cymbal,Solo,,,
273.390781,273.390781,X1064,,,Solo,,,
273.647851,273.647851,X1065,N1,Cymbal,Solo,,,
273.904920,273.904920,X1066,,,Solo,,,
274.161990,274.161990,X1067,,Base,Solo,,,
274.404509,274.404509,X1068,,Base,Solo,,,
274.676129,274.676129,X1069,,Base,Solo,,,
274.940300,274.940300,X1070,,Base,Solo,,,
275.217168,275.217168,X1071,,Base,Solo,,,
275.509418,275.509418,X1072,,Base,Solo,,,
275.786286,275.786286,X1073,,Cymbal,Solo,,,
276.075972,276.075972,X1074,,,Solo,,,
276.373349,276.373349,X1075,,Base,Solo,,,
276.657908,276.657908,X1076,,Base,Solo,,,
276.909140,276.909140,X1077,,Base,Solo,,,
277.227025,277.227025,X1078,,Base,Solo,,,
277.529529,277.529529,X1079,,Base,Solo,,,
277.860233,277.860233,X1080,,Base,Solo,,,
278.275100,278.275100,X1081,,Cymbal,Chord,,,
278.567785,278.567785,X1082,,,,,,
278.842089,278.842089,X1083,,,Chord,,,
279.070249,279.070249,X1084,,,,,,
279.303378,279.303378,X1085,,,Chord,,,
279.524005,279.524005,X1086,,,,,,
279.744474,279.744474,X1087,,,Chord,,,
280.052106,280.052106,X1088,,,,,,
280.331656,280.331656,X1089,,Cymbal,Chord,,,
280.990049,280.990049,X1090,,,Chord,,,
281.702180,281.702180,X1091,,,Chord,,,
282.674029,282.674029,X1092,,,Chord,,,
286.244252,286.244252,X1093,End,Cymbal,,,,